station_id,latitude,longitude,grid_i,grid_j,distance_km
1,55.01059572993162,83.04968698935787,55,46,0.34084412746745035
2,55.07727758393067,83.14597554078327,62,52,0.26972445503121206
3,54.98858009932025,83.13497548861524,52,52,0.4929758794909506
4,55.088639656561014,83.0722167014759,63,48,0.579405521295377
5,54.95300231641358,83.09823398953363,48,49,0.3751208452741058
6,55.02961374044875,83.15562800094928,57,53,0.22165252085889373
7,55.063457220979465,83.04986625876728,61,46,0.4580622801695872
8,55.14742307265063,83.02937643042434,70,45,0.2142496740132618
9,55.0938870882512,83.16419413588966,64,53,0.40053446052383396
10,55.03044502642858,82.88594995888583,57,36,0.3284548531219925
11,54.829210560945675,82.91075916903573,35,37,0.5567270540819238
12,55.05580831312245,82.88498569813093,60,36,0.4707967709024397
13,55.055072375836126,83.0127576483032,60,44,0.4398960686976781
14,54.93928011450556,82.92233454583712,47,38,0.2518288585127086
15,54.8472299595489,82.91263245694832,37,37,0.6214863752373362
16,55.0822336025812,82.92935583296891,63,38,0.5816717938000878
17,55.058404471033285,83.10863781533426,60,50,0.12489335543448471
18,54.99301031577939,83.19653476140864,53,55,0.556543323806837
19,54.94066420903407,82.8820504271842,47,35,0.4491242954790114
20,54.981629851640726,82.93906157120243,51,39,0.46355188747643317
21,54.85351576583254,83.20744767357846,37,56,0.35746421641836995
22,54.93545267849315,83.10534672244242,46,50,0.45178683523673197
23,54.88361194949138,82.87461389472506,41,35,0.440354690876532
24,55.1511663721639,83.11592768819627,70,50,0.44759600223660717
25,55.05750352365213,83.14825965427029,60,52,0.406259749307357
26,54.9216955885263,83.01834433424007,45,44,0.24903953129314182
27,54.94122847559507,83.16725824428696,47,54,0.3495569870587803
28,54.92059545722533,82.98578877114971,45,42,0.33289612861023143
29,55.07275525661667,83.07813269895524,62,48,0.40832901257577475
30,54.99558646351694,82.91802228553854,53,38,0.2652303749652445
31,54.94405936915136,83.17575324622632,47,54,0.3631227533474105
32,54.84387597755757,83.14610836263729,36,52,0.3731027962803481
33,55.04688848070156,82.90879741893606,59,37,0.32301534070816457
34,55.09150721119994,83.03939036152507,64,45,0.5613064751458091
35,54.95305489910809,83.08175876625532,48,48,0.347011904698354
36,54.913826409161395,82.89590137265881,44,36,0.3315049664624727
37,54.89166919336676,82.93178330735991,41,39,0.5980788137168114
38,54.95570546170348,83.04509121965745,49,46,0.4455040289772318
39,54.895979557552245,83.13825986940446,42,52,0.19174578189608274
40,54.937121904810105,83.07838582413713,47,48,0.4819743067786716
41,55.05265096388509,83.13282614381684,59,51,0.5583318638449788
42,54.86583727276512,82.97517771188093,39,41,0.5696016609938288
43,55.09910465266172,83.10991740714182,65,50,0.47019463059159766
44,54.990902337621776,83.1800571037236,53,54,0.6602669800904366
45,54.89641263079619,83.02220489044079,42,44,0.3936528485817912
46,54.98323557347737,82.92650811462546,52,38,0.4567159766727051
47,54.88293515588041,83.08527033543164,40,48,0.6559826293697106
48,54.841904832738514,83.00872291558582,36,44,0.4672463699538824
49,54.91272961357581,83.1319040828522,44,51,0.4428750560199933
50,54.96750416156346,83.18205750538817,50,55,0.42166651094923785
51,55.10413378107173,82.93574695372311,65,39,0.15522992060314644
52,55.13256287100776,83.07004806767081,68,47,0.471560004595018
53,54.851007283588054,82.9111722776386,37,37,0.3024343269949157
54,54.96748187646358,83.03171357439298,50,45,0.1111348104679928
55,55.15281998486658,82.93314561871784,70,39,0.5749442627000622
56,54.86200028766996,83.10749726889536,38,50,0.2222696028701389
57,55.00693370625301,82.91675323260314,54,38,0.43918484254416007
58,54.91487561931775,82.94752165560342,44,40,0.3829857498438313
59,54.98742726067983,82.93573311908459,52,39,0.1686229038315025
60,55.064574602751705,83.03886020593977,61,45,0.5338411456289924
61,54.83955136851922,83.04033749386451,36,46,0.5483423213465305
62,55.01601094583459,83.04370772808942,55,46,0.3819381262391818
63,54.88877838404294,83.18903476972447,41,55,0.17663429090176438
64,54.88570965282077,82.93870367058258,41,39,0.21396172042887035
65,54.95840260394306,82.9778334611534,49,42,0.46362927208450766
66,55.08318766478073,82.9067754030063,63,37,0.2526885349320668
67,55.09735259896808,83.0768794146421,64,48,0.3688101720001866
68,55.09643875004499,82.91873566336304,64,38,0.31052631163678773
69,54.967621102260644,83.17533294572209,50,54,0.17285314765748352
70,55.12000082801885,82.97657203051854,67,41,0.48720781355250925
71,55.085222386485015,83.10428634118023,63,50,0.40950497773563327
72,54.94781749812086,83.12281124622564,48,51,0.342189577934531
73,54.97207429105519,82.98867264936077,50,42,0.4650197665676257
74,54.94004335772771,83.17908109108384,47,54,0.42884069719223195
75,54.96710308188772,82.946025932307,50,40,0.5038111166834768
76,55.02399857065185,83.18767811249784,56,55,0.21286029019424135
77,55.02364691508621,83.13975024304851,56,52,0.20032540376138783
78,55.11327941377951,83.1701299523599,66,54,0.2610710667844049
79,54.83855013307054,83.08146330221406,36,48,0.4816073360142359
80,55.08677470509419,83.08076506059234,63,48,0.18368961744231463
81,55.074814184277955,83.09841904274312,62,49,0.27782129916415466
82,54.954488524075266,83.18040163303476,48,54,0.6739391513779343
83,54.94663095285794,83.12174671430579,48,51,0.48993729405599246
84,54.91108071629369,83.01199997963471,44,44,0.4631258374124129
85,55.081964943538324,83.15995775358999,63,53,0.38807063606403586
86,54.88450561195094,83.20714245698396,41,56,0.3786265699414766
87,54.859981792086415,83.13829500009952,38,52,0.17874898723139282
88,54.963042135573204,83.0398979917233,49,46,0.6264558391248505
89,55.03233780579588,83.01131254173535,57,44,0.33428597001064736
90,55.15843299330988,82.98899750403311,71,42,0.2727986233444203
91,54.842849568964034,83.171905863224,36,54,0.056225307776197164
92,54.92058510164895,83.2093015656118,45,56,0.45301940378119643
93,55.123226054032436,82.96732081836535,67,41,0.23730871537275938
94,55.030207621083704,83.18797055047432,57,55,0.12820441257897097
95,54.80039525417397,83.05800127001169,31,47,0.43366237615157327
96,55.09091396505361,82.90001938039998,64,37,0.566278838396272
97,54.98754830817495,83.04387238333132,52,46,0.265932442562362
98,55.12989669141159,83.1995275056709,68,56,0.36925596390093485
99,54.84129456285195,82.87675683710707,36,35,0.16977607935466058
100,54.972396381186854,83.03978759951922,50,46,0.6603449554708848
